duration,src_bytes,dst_bytes,flag,failed_logins,hot,same_srv_rate,packets,label,attack_type,timestamp
0.9385361799537182,187,65,0,15,0,0.24679835610086082,18,1,ssh_bruteforce,2025-11-16 19:55:26.950052
0.3083239349331221,6,0,2,1,0,0.41659963168004743,1717,1,syn_flood,2025-11-16 19:55:27.950052
9.71022920977706,938,707,3,0,1,0.20211989156591523,27,1,benign,2025-11-16 19:55:28.950052
1.4879323759666379,5189,27118,3,1,1,0.49212665565243774,1370,1,ransomware_encryption,2025-11-16 19:55:29.950052
0.4454717242573806,1267,478,0,1,1,0.21393512381599933,19,0,benign,2025-11-16 19:55:30.950052
28.914223158891037,44,18,3,0,2,0.40526990795364704,380,1,dos_slowloris,2025-11-16 19:55:31.950052
0.9920730720987277,669,259,1,0,0,0.32754676234737345,30,0,benign,2025-11-16 19:55:32.950052
1.677272491249606,37,191,0,1,16,0.47799765973813824,587,1,probe_sweep,2025-11-16 19:55:33.950052
1.4714174578950954,579,728,2,0,2,0.37602534969915447,31,0,benign,2025-11-16 19:55:34.950052
0.3037962956412577,7474,577,2,0,2,0.9852601757026698,2299,0,dos_flood,2025-11-16 19:55:35.950052
2.105808169164532,73,377,2,1,17,0.3112454756594799,400,0,probe_sweep,2025-11-16 19:55:36.950052
0.6423999278552834,113,613,3,1,2,0.49151362861673115,19,0,benign,2025-11-16 19:55:37.950052
2.860785506153728,34,19,2,1,7,0.34813867890931727,417,1,port_scan,2025-11-16 19:55:38.950052
13.725228020210624,24,15,0,0,0,0.35257120734941083,344,1,dos_slowloris,2025-11-16 19:55:39.950052
0.4539548442646495,64,15,3,1,8,0.40843547991191137,375,1,port_scan,2025-11-16 19:55:40.950052
4.461626810471122,62,435,0,0,10,0.468827389977048,498,1,probe_sweep,2025-11-16 19:55:41.950052
0.5173734922787627,882,341,2,1,0,0.458219174976903,12,0,benign,2025-11-16 19:55:42.950052
0.35982297423587056,107,988,1,0,2,0.4077308098670811,14,0,benign,2025-11-16 19:55:43.950052
0.8238171597248649,51,112,1,0,1,0.3556371865230098,28,0,benign,2025-11-16 19:55:44.950052
7.135596276583399,63,0,2,0,0,0.2854521483132403,2677,0,syn_flood,2025-11-16 19:55:45.950052
7.511317198203795,14666,18949,0,0,0,0.3035213744080049,340,1,data_exfiltration,2025-11-16 19:55:46.950052
17.937905962149156,47,12,3,0,2,0.3778090171638181,371,1,dos_slowloris,2025-11-16 19:55:47.950052
1.2708913363566796,486,443,2,1,2,0.4449295619658152,33,1,benign,2025-11-16 19:55:48.950052
3.607289588492594,747,286,1,0,6,0.2122325424664292,23,0,benign,2025-11-16 19:55:49.950052
1.4352611690989767,44,0,2,0,2,0.25230992870149743,2174,1,syn_flood,2025-11-16 19:55:50.950052
1.4585908553438514,644,585,3,0,1,0.42056483577223164,29,0,benign,2025-11-16 19:55:51.950052
5.172380794301447,4016,511,3,1,1,0.8483704581800904,1387,1,dos_flood,2025-11-16 19:55:52.950052
0.19545228094988146,119,53,0,7,2,0.3047628723837983,33,1,ssh_bruteforce,2025-11-16 19:55:53.950052
1.0367350756805276,756,757,3,0,1,0.3116848299685229,19,0,benign,2025-11-16 19:55:54.950052
7.273624511938446,204,181,0,0,2,0.34568412607586796,14,0,benign,2025-11-16 19:55:55.950052
2.1108829642704974,24,0,2,0,1,0.27117472624904004,2033,1,syn_flood,2025-11-16 19:55:56.950052
2.097547628605536,627,588,3,0,1,0.37049258100064153,25,0,benign,2025-11-16 19:55:57.950052
1.4218651212384383,6436,544,3,0,0,0.9784093110354226,1079,1,dos_flood,2025-11-16 19:55:58.950052
1.9946687714729663,67,28,2,0,8,0.37307116538790774,520,1,port_scan,2025-11-16 19:55:59.950052
0.04923296216137723,178,496,0,0,0,0.4821375753058743,20,0,benign,2025-11-16 19:56:00.950052
4.927019769267683,777,548,1,0,9,0.48999644571310086,4,0,benign,2025-11-16 19:56:01.950052
0.6975521363443206,813,331,2,0,2,0.2950766015468833,38,0,benign,2025-11-16 19:56:02.950052
1.6274739841204555,551,477,2,8,12,0.37101835102680947,23,0,http_bruteforce,2025-11-16 19:56:03.950052
0.3018411732845283,142,77,0,13,2,0.42223058532626134,21,1,ssh_bruteforce,2025-11-16 19:56:04.952939
1.6095880584422273,64,0,2,1,1,0.27686208307833743,2046,1,syn_flood,2025-11-16 19:56:05.952939
0.010396701635232642,175,52,0,18,2,0.2212822750999783,33,0,ssh_bruteforce,2025-11-16 19:56:06.952939
0.05601056921021473,12907,9777,1,1,1,0.4016078405885598,256,1,data_exfiltration,2025-11-16 19:56:07.952939
1.540412538494707,167,35,2,9,1,0.2814628747459226,20,1,ssh_bruteforce,2025-11-16 19:56:08.952939
0.10613019182061881,7364,768,2,0,0,0.9032600696602391,880,1,dos_flood,2025-11-16 19:56:09.952939
0.7800394282119576,617,570,3,1,7,0.33169142621169084,10,0,benign,2025-11-16 19:56:10.952939
0.16866187233081467,38,0,2,1,2,0.21745807865253308,1627,0,syn_flood,2025-11-16 19:56:11.952939
1.5935812966266292,783,653,0,1,0,0.2839801690837829,19,0,benign,2025-11-16 19:56:12.952939
1.4542199127432958,45,25,3,0,7,0.41901179496854557,293,1,port_scan,2025-11-16 19:56:13.952939
2.8363636955134264,89,0,2,0,2,0.3422521487261976,1060,1,syn_flood,2025-11-16 19:56:14.952939
0.8502267171756825,1133,300,1,6,7,0.21441767725911012,8,1,http_bruteforce,2025-11-16 19:56:15.952939
0.6046268432593919,45,416,1,0,16,0.4051891308194423,597,1,probe_sweep,2025-11-16 19:56:16.952939
5.773813034074671,603,585,1,1,1,0.4402847884047199,18,0,benign,2025-11-16 19:56:17.952939
0.9826013844478145,315,822,3,1,0,0.3636850367947805,20,0,benign,2025-11-16 19:56:18.952939
1.966676369375607,16,0,2,0,0,0.2620053079630236,2134,1,syn_flood,2025-11-16 19:56:19.952939
0.9472494212388081,6,57,0,1,0,0.8521389056471806,922,1,dos_flood,2025-11-16 19:56:20.952939
31.27151630743004,44,5,1,1,1,0.3643915649744262,307,0,dos_slowloris,2025-11-16 19:56:21.952939
2.6309096311417655,78,290,2,1,16,0.37416320370317296,576,1,probe_sweep,2025-11-16 19:56:22.952939
2.779569432990922,377,452,3,1,2,0.47076587200387,34,0,benign,2025-11-16 19:56:23.952939
0.9873408591219353,7171,340,0,1,1,0.863862727518083,778,1,dos_flood,2025-11-16 19:56:24.952939
5.993944766376571,529,519,3,1,2,0.3895511636509398,12,0,benign,2025-11-16 19:56:25.952939
0.694045557492394,32192,9062,1,0,1,0.425712358831304,512,1,ransomware_encryption,2025-11-16 19:56:26.952939
5.345243696093835,28625,25337,1,1,0,0.49059558319224045,894,0,ransomware_encryption,2025-11-16 19:56:27.952939
4.03283891917257,54,0,2,1,1,0.26677292527130914,1731,1,syn_flood,2025-11-16 19:56:28.952939
0.16969750116062413,88,44,3,0,1,0.4438398701772508,27,0,benign,2025-11-16 19:56:29.952939
2.4632444042864146,201,418,0,1,7,0.411525309288998,13,1,xss,2025-11-16 19:56:30.952939
0.2357604159437605,409,399,1,0,1,0.34059819259823787,28,0,benign,2025-11-16 19:56:31.952939
0.25005246401491255,52,15,2,1,9,0.3750106295291479,530,1,port_scan,2025-11-16 19:56:32.952939
6.605740212503822,23,0,2,0,2,0.22213896942061967,2060,1,syn_flood,2025-11-16 19:56:33.952939
0.15686286497759078,32,288,2,1,16,0.28834818405182894,681,1,probe_sweep,2025-11-16 19:56:34.952939
0.09302292348696195,1013,595,2,1,7,0.386039779340461,20,0,benign,2025-11-16 19:56:35.952939
2.0817154878884145,94,288,1,0,1,0.2797813774892717,12,0,benign,2025-11-16 19:56:36.952939
7.329920245045135,28,140,3,1,1,0.4441385059120846,29,0,benign,2025-11-16 19:56:37.952939
0.15852018379252655,75,27,3,0,9,0.3743487863542479,217,1,port_scan,2025-11-16 19:56:38.952939
0.05344163373302273,50,306,1,1,19,0.4961828387944833,570,1,probe_sweep,2025-11-16 19:56:39.952939
0.9589473995161922,465,647,3,7,13,0.32444585070129955,12,1,http_bruteforce,2025-11-16 19:56:40.952939
0.1566995803650074,57,0,2,0,2,0.42497322484099154,1217,1,syn_flood,2025-11-16 19:56:41.952939
3.7895440294184914,406,80,2,0,1,0.23874782454544852,30,0,benign,2025-11-16 19:56:42.952939
1.8636954051772363,713,753,3,1,16,0.38543847213736876,23,0,sql_injection,2025-11-16 19:56:43.952939
1.3789685410101893,991,0,2,0,10,0.2923331719313148,744,0,syn_flood,2025-11-16 19:56:44.952939
3.1386836215291245,113,31,1,9,1,0.3261607335995225,22,1,ssh_bruteforce,2025-11-16 19:56:45.952939
3.2699696217189147,3645,560,2,0,2,0.8591610804055706,149,1,botnet_cnc,2025-11-16 19:56:46.952939
1.1506391256568624,59267,12637,2,0,2,0.3541968467479433,1170,0,ransomware_encryption,2025-11-16 19:56:47.952939
1.48300443808363,790,529,1,0,2,0.33780404238385175,24,0,benign,2025-11-16 19:56:48.952939
1.3550055619910613,415,525,0,0,6,0.4940097725856431,8,0,xss,2025-11-16 19:56:49.952939
2.006972547915319,174,45,0,19,1,0.23866391657319477,18,0,ssh_bruteforce,2025-11-16 19:56:50.952939
2.048168102151613,2166,188,3,0,2,0.8668894346302567,126,1,botnet_cnc,2025-11-16 19:56:51.954950
1.8422819282184135,65,0,2,1,1,0.30352478834671603,1947,1,syn_flood,2025-11-16 19:56:52.954950
1.5913137903744876,143,502,0,1,1,0.4682651788687777,24,0,benign,2025-11-16 19:56:53.954950
1.4000103694286608,469,408,0,1,1,0.4398231196727128,22,0,benign,2025-11-16 19:56:54.954950
1.4334745578288839,386,188,2,0,2,0.20077850731509397,22,0,benign,2025-11-16 19:56:55.954950
3.281870366453285,7569,515,1,1,2,0.8737827279139545,540,0,dos_flood,2025-11-16 19:56:56.954950
1.2417822184418352,755,202,3,0,1,0.4685620513061598,28,0,benign,2025-11-16 19:56:57.954950
2.7695209323456504,149,68,2,1,2,0.23146074995974428,20,0,benign,2025-11-16 19:56:58.954950
0.4024800846265264,7632,11288,2,0,2,0.22676129861361688,734,1,data_exfiltration,2025-11-16 19:56:59.954950
1.8007976277591196,816,530,3,1,2,0.34953265967871716,21,0,benign,2025-11-16 19:57:00.954950
1.7550993285906604,87,0,2,1,0,0.3759606303982277,2984,1,syn_flood,2025-11-16 19:57:01.954950
0.8233089471646216,567,567,0,0,2,0.27330594663939634,28,0,benign,2025-11-16 19:57:02.954950
0.8019956464438676,314,1429,0,0,23,0.34634294024262136,20,1,sql_injection,2025-11-16 19:57:03.954950
3.2784018044747896,10,0,2,1,0,0.47521868392565947,621,0,syn_flood,2025-11-16 19:57:04.954950
0.5965501670670093,107,55,0,15,0,0.47881279673827576,27,1,ssh_bruteforce,2025-11-16 19:57:05.954950
0.6569500616213017,301,514,3,0,2,0.2971037709212731,11,0,benign,2025-11-16 19:57:06.954950
2.665485832656891,30,13,3,1,7,0.43033385043285166,504,1,port_scan,2025-11-16 19:57:07.954950
0.10642930291424266,6,0,2,0,1,0.21901249114183033,2561,1,syn_flood,2025-11-16 19:57:08.954950
2.307646797765522,1216,279,0,1,1,0.4382868349899387,30,1,benign,2025-11-16 19:57:09.954950
3.8039630328935083,332,701,2,1,0,0.4798814201299864,31,0,benign,2025-11-16 19:57:10.954950
5.572254530522481,113,59,1,15,0,0.4525486330274816,20,1,ssh_bruteforce,2025-11-16 19:57:11.954950
3.4874554902637316,74,263,0,0,19,0.3901275691160532,396,1,probe_sweep,2025-11-16 19:57:12.954950
0.9966254993948899,27,0,2,0,1,0.31308332882747225,1082,1,syn_flood,2025-11-16 19:57:13.954950
7.3316689336785945,48,7,3,1,0,0.3151673664119634,218,1,dos_slowloris,2025-11-16 19:57:14.954950
1.1296069424294155,128,62,0,19,0,0.4081152822210016,28,1,ssh_bruteforce,2025-11-16 19:57:15.954950
1.5248277160980563,31,0,2,0,0,0.24550246391982536,1457,1,syn_flood,2025-11-16 19:57:16.954950
0.3089334258006617,697,218,3,1,0,0.34819444613925876,13,0,benign,2025-11-16 19:57:17.954950
0.8373491870901855,886,311,1,1,1,0.24497522820463213,33,0,benign,2025-11-16 19:57:18.954950
1.0517268439140004,10779,20298,0,1,0,0.41485372241988566,1688,1,ransomware_encryption,2025-11-16 19:57:19.954950
4.7817522786473035,3362,699,0,1,1,0.982370481768593,2945,0,dos_flood,2025-11-16 19:57:20.954950
0.2995914724168615,6531,312,0,0,1,0.9837501044521493,859,1,dos_flood,2025-11-16 19:57:21.954950
3.122101726857784,2930,660,0,0,2,0.7307026954614334,80,1,botnet_cnc,2025-11-16 19:57:22.954950
0.36189422842759134,40,24,3,0,13,0.2996439237964817,609,1,port_scan,2025-11-16 19:57:23.954950
2.727107025669528,684,273,1,1,2,0.3811164595190417,4,0,benign,2025-11-16 19:57:24.954950
1.0155561897093563,3474,414,3,0,1,0.9836909449878602,934,1,dos_flood,2025-11-16 19:57:25.954950
17.683786469082158,31,14,1,0,1,0.24965399522839216,169,1,dos_slowloris,2025-11-16 19:57:26.954950
0.026361889651318453,194,517,2,0,9,0.48832109524083656,32,1,xss,2025-11-16 19:57:27.954950
3.941274981229489,98,429,1,9,8,0.2898787735299431,22,1,http_bruteforce,2025-11-16 19:57:28.954950
0.4712056765005264,465,431,2,0,2,0.25720631619909995,33,0,benign,2025-11-16 19:57:29.954950
0.9487493686147878,6057,633,2,1,2,0.9068911782514494,706,1,dos_flood,2025-11-16 19:57:30.954950
1.312041735139935,17342,48806,1,1,0,0.23089444379939467,1203,0,ransomware_encryption,2025-11-16 19:57:31.954950
0.6357379047507391,58,590,0,1,17,0.4402249314458363,695,1,probe_sweep,2025-11-16 19:57:32.954950
0.054939715768880196,288,254,3,1,1,0.4015678230796185,24,0,benign,2025-11-16 19:57:33.954950
0.21987211720274563,342,497,3,1,2,0.3958238323555624,31,0,benign,2025-11-16 19:57:34.954950
2.5517476315006444,874,484,0,0,2,0.4887947955664624,13,0,benign,2025-11-16 19:57:35.954950
0.30416329066023895,7,219,0,0,1,0.2260775044851048,12,1,benign,2025-11-16 19:57:36.954950
0.17877427926089826,597,149,0,1,1,0.3264273651777494,17,0,benign,2025-11-16 19:57:37.954950
4.829806257661441,31,29,1,0,9,0.44753219942679795,331,0,port_scan,2025-11-16 19:57:38.954950
0.8468268746929505,90,0,2,0,1,0.45832040599241647,1888,1,syn_flood,2025-11-16 19:57:39.954950
0.3019089962460417,85,0,2,1,2,0.46836566806822744,1039,1,syn_flood,2025-11-16 19:57:40.956958
1.5601755113595925,8,0,2,1,2,0.24180682222184724,942,1,syn_flood,2025-11-16 19:57:41.956958
4.616649089088552,830,630,3,0,0,0.44677516277350215,21,0,benign,2025-11-16 19:57:42.956958
1.7184813377363117,3122,59,0,1,1,0.7266446825321685,153,0,botnet_cnc,2025-11-16 19:57:43.956958
0.29441614137478106,14,0,2,1,0,0.39951100236387665,2213,1,syn_flood,2025-11-16 19:57:44.956958
3.641638856708772,153,72,1,16,2,0.3266108178652062,12,1,ssh_bruteforce,2025-11-16 19:57:45.956958
0.40759117403436174,30,13,1,0,5,0.22047491160622748,501,1,port_scan,2025-11-16 19:57:46.956958
2.556910439665888,662,688,2,1,9,0.3189948119156163,17,1,xss,2025-11-16 19:57:47.956958
0.6291782781452088,29058,53420,2,0,1,0.45245889809301304,888,1,ransomware_encryption,2025-11-16 19:57:48.956958
1.952785157405261,41,24,3,1,2,0.30546204834026564,528,1,probe_sweep,2025-11-16 19:57:49.956958
0.15794228647517908,6004,268,2,1,2,0.9900474707641604,1544,1,dos_flood,2025-11-16 19:57:50.956958
1.1812020255817444,1413,132,2,0,12,0.4618837507629225,21,0,benign,2025-11-16 19:57:51.956958
2.8462141864592074,14,58,3,0,1,0.4941730400539964,25,0,benign,2025-11-16 19:57:52.956958
0.10594900662095585,406,423,1,0,1,0.3764791270909793,30,0,benign,2025-11-16 19:57:53.956958
0.3983056507757,13,0,2,0,1,0.21018379357573966,2023,1,syn_flood,2025-11-16 19:57:54.956958
1.0955417425776506,22,0,2,0,2,0.21646478439394248,1970,1,syn_flood,2025-11-16 19:57:55.956958
3.5311950827893064,32,307,0,1,14,0.26900265118631095,405,0,probe_sweep,2025-11-16 19:57:56.956958
1.5111737108764265,124,143,0,1,0,0.37172832783003973,24,0,benign,2025-11-16 19:57:57.956958
1.5461195850426712,869,567,2,0,0,0.3560504329636196,23,0,benign,2025-11-16 19:57:58.956958
1.9135130181441724,58,23,1,0,8,0.48172030955386885,585,1,port_scan,2025-11-16 19:57:59.956958
0.10824476597968236,1279,269,1,0,2,0.28150609132070126,11,0,benign,2025-11-16 19:58:00.956958
0.19235965291991566,2,141,0,1,1,0.41968154215539355,18,0,benign,2025-11-16 19:58:01.956958
3.832222657732625,1484,722,3,0,12,0.28317969370903207,15,0,benign,2025-11-16 19:58:02.956958
0.2318715827542981,56,20,3,0,10,0.4869247092678275,267,0,port_scan,2025-11-16 19:58:03.956958
8.071832286103447,7867,585,0,0,1,0.8803160472850975,2099,1,dos_flood,2025-11-16 19:58:04.956958
3.638167627562087,3824,23649,3,0,0,0.2361016286104988,707,1,data_exfiltration,2025-11-16 19:58:05.956958
3.024481515145593,198,49,2,13,2,0.4907307890422434,35,1,ssh_bruteforce,2025-11-16 19:58:06.956958
10.560099538099413,387,165,0,0,1,0.4274715427112274,23,0,benign,2025-11-16 19:58:07.956958
0.3342257695870137,6160,526,3,0,1,0.9789842882455679,2886,1,dos_flood,2025-11-16 19:58:08.956958
3.9340381968855165,173,224,3,0,0,0.2818878124568945,18,0,benign,2025-11-16 19:58:09.956958
0.0907828861613819,12175,12291,1,0,2,0.42056379635703584,237,1,data_exfiltration,2025-11-16 19:58:10.956958
0.6015448469525689,6020,758,3,0,1,0.8152261718980601,1302,1,dos_flood,2025-11-16 19:58:11.956958
3.8103972460884097,544,225,3,0,0,0.37772233539785527,9,0,benign,2025-11-16 19:58:12.956958
0.8548362678904304,704,769,1,1,2,0.2801084810508264,24,0,benign,2025-11-16 19:58:13.956958
1.473196557043399,112,72,0,13,0,0.24720219791075781,24,1,ssh_bruteforce,2025-11-16 19:58:14.956958
0.545429372889352,221,518,0,0,0,0.46449113983110507,16,0,benign,2025-11-16 19:58:15.956958
4.109006644285871,101,43,0,8,2,0.4230524768874824,21,1,ssh_bruteforce,2025-11-16 19:58:16.956958
2.826392415579978,265,276,2,1,2,0.2252294673403954,37,0,benign,2025-11-16 19:58:17.956958
1.641253557986308,415,925,0,0,12,0.2027217213958175,18,1,sql_injection,2025-11-16 19:58:18.956958
0.666315725606137,4245,334,1,0,1,0.8205019455981359,2587,1,dos_flood,2025-11-16 19:58:19.956958
5.536507853677537,3917,438,2,0,0,0.9164340920352547,2957,0,dos_flood,2025-11-16 19:58:20.956958
0.8489382630227224,355,425,1,0,1,0.4614610418457129,19,0,benign,2025-11-16 19:58:21.956958
6.9396713289835015,3028,475,1,1,2,0.9643025894814882,1425,1,dos_flood,2025-11-16 19:58:22.956958
0.9299001336231951,31327,21025,0,1,9,0.20030884395369003,1723,0,ransomware_encryption,2025-11-16 19:58:23.956958
1.2007240968490858,771,29,3,1,16,0.4081046677344466,388,0,port_scan,2025-11-16 19:58:24.956958
4.050729950869625,156,34,2,7,1,0.4572080276277496,18,1,ssh_bruteforce,2025-11-16 19:58:25.956958
6.089692900957898,33,16,3,1,2,0.26898638176732587,388,1,dos_slowloris,2025-11-16 19:58:26.958966
8.19075716421671,24,15,0,0,1,0.24777372148377935,112,1,dos_slowloris,2025-11-16 19:58:27.958966
3.725865221629178,692,665,0,0,1,0.2393734633047163,9,0,benign,2025-11-16 19:58:28.958966
0.4102607214377391,991,700,1,8,13,0.27426198668101254,21,1,http_bruteforce,2025-11-16 19:58:29.958966
1.352952026818662,15,0,2,1,0,0.2806980213305293,1591,1,syn_flood,2025-11-16 19:58:30.958966
1.214747018390625,40,135,0,1,2,0.38000616443579116,1215,0,ransomware_encryption,2025-11-16 19:58:31.958966
1.3098036830042166,421,319,0,1,1,0.4959987779801439,24,0,benign,2025-11-16 19:58:32.958966
1.3818519124180149,951,575,1,1,2,0.36789460504607424,28,1,benign,2025-11-16 19:58:33.958966
0.7904196719957203,76,115,2,0,1,0.3051880793627542,5,0,benign,2025-11-16 19:58:34.958966
1.0114217070711897,19,0,2,1,1,0.40683949074117975,612,1,syn_flood,2025-11-16 19:58:35.958966
0.3666022702701539,582,240,0,11,11,0.41194271794607035,26,1,http_bruteforce,2025-11-16 19:58:36.958966
1.917376798096701,39,572,1,1,0,0.4805605445898379,27,0,benign,2025-11-16 19:58:37.958966
2.5041349457440525,79,0,2,0,2,0.44444753412395366,1622,1,syn_flood,2025-11-16 19:58:38.958966
1.6103998680405756,113,40,2,16,2,0.3442711494346955,28,1,ssh_bruteforce,2025-11-16 19:58:39.958966
2.5807073775014424,49,0,2,1,2,0.34378367857288616,2443,1,syn_flood,2025-11-16 19:58:40.958966
4.10883890681331,331,383,3,0,0,0.2485017632440408,9,0,benign,2025-11-16 19:58:41.958966
2.5402378794579326,511,492,0,1,6,0.25986273527874354,16,0,xss,2025-11-16 19:58:42.958966
1.0839439787983203,644,619,1,1,9,0.2522580009734761,8,1,xss,2025-11-16 19:58:43.958966
0.9273713010945941,6811,609,2,1,0,0.9801403728022517,2897,1,dos_flood,2025-11-16 19:58:44.958966
1.0953974027080495,6714,84,1,1,2,0.9263120440185041,1048,1,dos_flood,2025-11-16 19:58:45.958966
2.641860030253711,620,262,3,1,0,0.4727097561996923,24,0,benign,2025-11-16 19:58:46.958966
0.5424191833743239,492,634,3,1,2,0.27416932232095315,30,0,benign,2025-11-16 19:58:47.958966
1.7974832436430719,1043,576,0,0,1,0.2285784523863879,36,0,benign,2025-11-16 19:58:48.958966
0.9921418127269471,111,632,1,1,1,0.4320419377059802,12,0,benign,2025-11-16 19:58:49.958966
7.0012209088488,33,345,3,0,1,0.2220490241990038,22,0,benign,2025-11-16 19:58:50.958966
0.8036117116586549,8895,18994,2,0,0,0.2437269704734255,719,0,data_exfiltration,2025-11-16 19:58:51.958966
0.5821162821281443,615,803,3,1,22,0.38166144729346485,30,0,sql_injection,2025-11-16 19:58:52.958966
3.7179849813523003,39,27,3,0,6,0.4604813841539776,467,1,port_scan,2025-11-16 19:58:53.958966
0.2624300031296999,150,43,3,5,0,0.25400313124181706,24,1,ssh_bruteforce,2025-11-16 19:58:54.958966
2.330837099917783,149,58,1,13,1,0.40579032079489524,3,1,ssh_bruteforce,2025-11-16 19:58:55.958966
4.048669133953021,6923,179,0,1,0,0.8059947179745356,2717,1,dos_flood,2025-11-16 19:58:56.958966
11.59221793179605,38,10,0,1,1,0.4020297299974752,378,0,dos_slowloris,2025-11-16 19:58:57.958966
4.052063244387033,664,216,0,1,0,0.45143458689443305,31,0,benign,2025-11-16 19:58:58.958966
2.299272469969244,3986,15055,2,0,0,0.46067149534361546,560,1,data_exfiltration,2025-11-16 19:58:59.958966
2.3393150720223006,70,533,3,1,19,0.3976656410697972,375,1,probe_sweep,2025-11-16 19:59:00.958966
0.85718192418116,47,12,2,1,0,0.29543346608543586,1625,0,syn_flood,2025-11-16 19:59:01.958966
16.446160654713353,28,10,3,1,0,0.39515349433751473,212,1,dos_slowloris,2025-11-16 19:59:02.958966
4.632874172571788,390,709,2,1,9,0.4606701876621713,21,1,xss,2025-11-16 19:59:03.958966
2.0943635625174335,3916,107,3,1,0,0.9192970949970843,2015,1,dos_flood,2025-11-16 19:59:04.958966
28.387447949425567,11,18,0,1,0,0.3761185123103453,433,1,dos_slowloris,2025-11-16 19:59:05.958966
1.3880763913150185,686,411,0,0,1,0.4541502084117723,24,0,benign,2025-11-16 19:59:06.958966
0.3226671610035739,3943,434,3,1,1,0.9625971477432187,2905,0,dos_flood,2025-11-16 19:59:07.958966
2.532569487662782,727,456,0,0,2,0.2730446889728898,30,0,benign,2025-11-16 19:59:08.958966
0.9563119677396965,470,118,0,6,13,0.2583674969555903,16,1,http_bruteforce,2025-11-16 19:59:09.958966
1.4808328470766978,15,105,2,1,1,0.3596780640017121,14,0,benign,2025-11-16 19:59:10.958966
2.5186234492962027,4286,82,2,1,1,0.905032676733412,1580,1,dos_flood,2025-11-16 19:59:11.958966
2.469181998879371,1199,212,2,0,7,0.27696883511040915,17,0,benign,2025-11-16 19:59:12.958966
0.18212414928047777,17,0,2,1,1,0.3579497582461343,1806,1,syn_flood,2025-11-16 19:59:13.958966
4.3118930603080665,4191,267,3,0,6,0.7883553448256795,88,0,botnet_cnc,2025-11-16 19:59:14.958966
0.7192457176460082,23,0,2,1,2,0.4014274008591843,1971,0,syn_flood,2025-11-16 19:59:15.958966
1.7667202081332096,11853,16695,1,1,2,0.45883912326296855,636,1,data_exfiltration,2025-11-16 19:59:16.958966
1.868369946647836,38,453,3,0,1,0.3172717987716544,15,0,benign,2025-11-16 19:59:17.958966
0.6418993853816831,30,16,0,0,12,0.3328150900338581,449,1,port_scan,2025-11-16 19:59:18.958966
0.2748362482731662,7131,293,3,0,0,0.9290579675051434,1248,1,dos_flood,2025-11-16 19:59:19.958966
1.8114471637195388,2207,149,2,0,2,0.8106024841201673,127,1,botnet_cnc,2025-11-16 19:59:20.958966
0.14001369275488273,4735,540,0,0,2,0.9360263862206903,2097,1,dos_flood,2025-11-16 19:59:21.958966
0.5248844268112925,2732,362,2,1,0,0.9488701226760642,158,1,botnet_cnc,2025-11-16 19:59:22.958966
1.2517458559648178,528,263,2,0,2,0.48728758535161404,31,0,benign,2025-11-16 19:59:23.958966
2.015496934512502,1153,504,2,0,7,0.32284335590156116,29,0,benign,2025-11-16 19:59:24.958966
0.7157888268168148,493,476,1,1,2,0.3147578840732025,24,0,benign,2025-11-16 19:59:25.958966
0.04045920296205185,759,552,2,1,0,0.27309701481916,14,0,benign,2025-11-16 19:59:26.958966
0.5942457038869958,627,467,0,0,1,0.3825459237979374,32,0,benign,2025-11-16 19:59:27.958966
3.0467781340373303,178,222,2,1,1,0.30804092224145574,17,0,benign,2025-11-16 19:59:28.958966
5.527902601784148,50,501,3,0,1,0.319094455122285,20,1,benign,2025-11-16 19:59:29.958966
4.132445184084551,16,0,2,0,0,0.37237621469533,1065,1,syn_flood,2025-11-16 19:59:30.958966
0.2474255590198859,368,633,1,1,2,0.46339229613352084,25,0,benign,2025-11-16 19:59:31.958966
3.279025316714895,299,598,3,1,0,0.22427578491537567,11,1,benign,2025-11-16 19:59:32.958966
0.3811700467333151,4985,662,3,1,2,0.8958708880275704,1297,0,dos_flood,2025-11-16 19:59:33.958966
0.75296155681719,192,460,3,1,0,0.4694784881878118,25,0,benign,2025-11-16 19:59:34.958966
0.38435261690915856,40,11,0,1,8,0.24391219764867475,600,1,port_scan,2025-11-16 19:59:35.958966
0.2904360646571272,177,49,0,19,0,0.489746648345966,20,1,ssh_bruteforce,2025-11-16 19:59:36.958966
1.1578937812530967,64,0,2,0,2,0.26481145475287987,2850,0,syn_flood,2025-11-16 19:59:37.958966
0.12662441790106277,435,698,2,1,2,0.21744913865164275,26,0,benign,2025-11-16 19:59:38.958966
2.806909885235643,51,576,2,0,1,0.32910115325267636,26,0,benign,2025-11-16 19:59:39.958966
0.3068837224671699,389,258,3,1,1,0.230313743303194,26,0,benign,2025-11-16 19:59:40.958966
2.352832369902917,56,0,2,0,2,0.2686683814539841,1334,1,syn_flood,2025-11-16 19:59:41.960975
2.1326213332526893,641,554,1,0,8,0.43762809012816295,4,1,xss,2025-11-16 19:59:42.960975
1.069313869240268,662,618,3,0,7,0.43079146809240193,8,1,xss,2025-11-16 19:59:43.960975
1.0845659217452492,616,673,3,1,1,0.40429244817147336,17,0,benign,2025-11-16 19:59:44.960975
1.9296398734833935,780,572,3,0,6,0.38878964180322084,22,0,xss,2025-11-16 19:59:45.960975
35.26311372491462,27,12,2,0,1,0.39382703703875244,221,1,dos_slowloris,2025-11-16 19:59:46.960975
3.328695772852016,803,512,2,1,6,0.31771811645854237,26,1,xss,2025-11-16 19:59:47.960975
6.2171161260445995,33,0,2,1,2,0.4064404118259627,1633,1,syn_flood,2025-11-16 19:59:48.960975
3.676087452381157,1147,278,2,1,0,0.3978061766617348,25,0,benign,2025-11-16 19:59:49.960975
0.514861115825927,1110,595,2,0,12,0.46473783213682995,21,1,benign,2025-11-16 19:59:50.960975
1.1713608838925686,28,0,2,1,0,0.44063916743827625,2180,1,syn_flood,2025-11-16 19:59:51.960975
1.4209093475337058,2734,54,1,0,2,0.8653426527676036,92,0,botnet_cnc,2025-11-16 19:59:52.960975
0.8765180786755497,68,0,2,0,0,0.44916033692145196,2695,0,syn_flood,2025-11-16 19:59:53.960975
0.042334836903230255,798,248,1,1,2,0.3873990706562791,12,0,benign,2025-11-16 19:59:54.960975
2.2013311787745113,436,376,2,1,1,0.4879479554227787,31,0,benign,2025-11-16 19:59:55.960975
0.7778517865110769,51,25,0,0,6,0.23418699041429517,391,1,port_scan,2025-11-16 19:59:56.960975
0.2741513239607699,63,0,2,1,0,0.2673846835531556,1361,1,syn_flood,2025-11-16 19:59:57.960975
1.157513081846666,36,0,2,1,2,0.2722078135497515,1194,1,syn_flood,2025-11-16 19:59:58.960975
0.025592832001372384,5196,327,3,0,2,0.9496383811957996,2441,1,dos_flood,2025-11-16 19:59:59.960975
1.6320458388871484,837,240,3,1,2,0.2807993894906075,29,0,benign,2025-11-16 20:00:00.960975
0.36020360230150983,63,22,1,0,10,0.4453355989570835,295,1,port_scan,2025-11-16 20:00:01.960975
25.201047415064252,46,19,0,1,2,0.28926453539564617,393,0,dos_slowloris,2025-11-16 20:00:02.960975
0.3507272563370464,898,449,3,0,1,0.422513618453879,23,0,benign,2025-11-16 20:00:03.960975
9.609670881772278,5520,8081,0,1,2,0.4400212906097478,612,1,data_exfiltration,2025-11-16 20:00:04.960975
2.641547365136271,5547,488,1,1,2,0.9521981520056187,2782,1,dos_flood,2025-11-16 20:00:05.960975
0.07189975462310841,264,529,0,1,1,0.4874220440358141,20,0,benign,2025-11-16 20:00:06.961987
2.8233446117033023,468,644,2,1,2,0.35061506404653414,9,0,benign,2025-11-16 20:00:07.961987
0.9734887799529731,863,523,1,8,10,0.2651627293073632,14,1,http_bruteforce,2025-11-16 20:00:08.961987
0.0037633054471004086,6190,317,2,0,2,0.9446809531224573,1032,0,dos_flood,2025-11-16 20:00:09.961987
25.977913798202685,28,5,1,1,2,0.21584118814055844,264,1,dos_slowloris,2025-11-16 20:00:10.961987
2.0239005261594976,5974,236,3,0,1,0.9034538112883219,1384,0,dos_flood,2025-11-16 20:00:11.961987
1.1603478237958065,91,46,2,6,2,0.3302058098521626,29,1,http_bruteforce,2025-11-16 20:00:12.961987
2.6456315283244343,834,292,3,1,12,0.39126597934106894,23,0,benign,2025-11-16 20:00:13.961987
1.0549431023394578,388,617,3,0,1,0.3715616813681559,21,0,benign,2025-11-16 20:00:14.961987
0.4536415268956915,98,0,2,1,1,0.24958823329105237,2805,1,syn_flood,2025-11-16 20:00:15.961987
1.7660944055411123,628,439,1,1,0,0.4347745819554014,24,0,benign,2025-11-16 20:00:16.961987
3.8309483935941695,11895,27788,1,0,0,0.33851984408371466,561,1,data_exfiltration,2025-11-16 20:00:17.961987
0.2865401137958053,5839,324,3,0,0,0.8114560502155247,2379,1,dos_flood,2025-11-16 20:00:18.961987
0.5103618787680833,89,0,2,0,2,0.4767869174263369,1933,1,syn_flood,2025-11-16 20:00:19.961987
0.11749405364967493,207,221,1,0,0,0.27409363972159995,31,0,benign,2025-11-16 20:00:20.961987
0.5741543771272133,74,0,2,0,1,0.334921952735162,2083,1,syn_flood,2025-11-16 20:00:21.961987
0.34011052324833857,815,874,1,1,6,0.3037761342505083,26,1,xss,2025-11-16 20:00:22.961987
0.8534081111890731,63,23,2,0,13,0.3680504550385526,356,1,port_scan,2025-11-16 20:00:23.961987
1.364339828806777,3424,522,2,0,2,0.8302493657469869,2710,1,dos_flood,2025-11-16 20:00:24.961987
0.5106025502817646,160,63,3,12,0,0.3683668364847575,36,1,ssh_bruteforce,2025-11-16 20:00:25.961987
1.0349549846965151,931,893,2,1,7,0.3646515970160176,22,0,xss,2025-11-16 20:00:26.961987
1.2260882412134049,31,388,2,0,19,0.4837094441000847,370,1,probe_sweep,2025-11-16 20:00:27.961987
1.2408924793377714,79,19,1,1,7,0.36362956082207165,501,0,port_scan,2025-11-16 20:00:28.961987
0.10670994701689866,7979,520,2,0,2,0.8035891357136984,2772,1,dos_flood,2025-11-16 20:00:29.961987
0.2699306296397409,207,491,0,10,7,0.2766480033966814,27,1,http_bruteforce,2025-11-16 20:00:30.961987
2.778433309722742,71,43,1,1,0,0.22824557303770937,20,0,benign,2025-11-16 20:00:31.961987
0.9909821544808362,47,0,2,1,0,0.3355090457695048,821,1,syn_flood,2025-11-16 20:00:32.961987
0.4353402981045373,881,258,2,1,1,0.28293250717501883,18,0,benign,2025-11-16 20:00:33.961987
3.1981254389021325,729,361,3,1,0,0.359908660173842,13,0,benign,2025-11-16 20:00:34.961987
1.1869763605422345,131,442,1,1,1,0.38404194159175287,24,0,benign,2025-11-16 20:00:35.961987
4.731971292062333,399,319,2,1,1,0.25526745177140786,7,0,benign,2025-11-16 20:00:36.961987
2.638282781526387,48,588,3,1,18,0.43957798171482537,546,1,probe_sweep,2025-11-16 20:00:37.961987
3.255239768907216,10329,6283,3,0,2,0.3253282937825299,301,1,data_exfiltration,2025-11-16 20:00:38.961987
7.802409256785262,5400,472,0,0,0,0.9438707244738317,2759,1,dos_flood,2025-11-16 20:00:39.961987
4.419247211470856,4395,329,1,0,2,0.8221496890637917,1970,1,dos_flood,2025-11-16 20:00:40.961987
2.850755819515045,776,616,3,1,7,0.276296594353495,18,1,benign,2025-11-16 20:00:41.961987
13.395593946458066,43,13,2,1,0,0.22615384034954936,288,1,dos_slowloris,2025-11-16 20:00:42.961987
2.6916204369118395,73,0,2,0,0,0.33065163631944783,2178,1,syn_flood,2025-11-16 20:00:43.961987
3.712433765315961,1006,459,2,1,11,0.2944758765838903,32,0,benign,2025-11-16 20:00:44.961987
3.8722381020362606,676,305,1,1,2,0.28378282653632314,15,0,benign,2025-11-16 20:00:45.961987
2.3693247368592774,152,75,0,13,1,0.26379331291132885,4,0,ssh_bruteforce,2025-11-16 20:00:46.961987
2.847981931699613,440,460,1,0,1,0.4422188091019854,28,0,benign,2025-11-16 20:00:47.961987
4.5822497888972595,50,0,2,0,0,0.2000565198669746,651,1,syn_flood,2025-11-16 20:00:48.961987
3.9985063837139285,3595,569,0,0,2,0.8084049350342811,2410,1,dos_flood,2025-11-16 20:00:49.961987
2.6934098993262916,433,484,2,0,0,0.4575025030397363,33,0,benign,2025-11-16 20:00:50.961987
4.833079569227942,721,523,0,1,0,0.20540196668013636,16,0,benign,2025-11-16 20:00:51.961987
1.9422569019747502,1112,588,2,6,11,0.3598027660284665,16,0,http_bruteforce,2025-11-16 20:00:52.961987
0.49293485823758854,63,0,2,0,1,0.4473604424261096,2889,1,syn_flood,2025-11-16 20:00:53.961987
2.7188624456540524,154,45,3,12,0,0.37796647103221526,28,1,ssh_bruteforce,2025-11-16 20:00:54.961987
0.5475850800686378,521,632,3,1,0,0.21909227278599272,20,0,benign,2025-11-16 20:00:55.961987
1.827480515087411,144,52,1,12,0,0.4487860397950266,6,1,ssh_bruteforce,2025-11-16 20:00:56.961987
1.1257380841891487,18,25,3,1,0,0.4321638967190469,17,0,benign,2025-11-16 20:00:57.961987
0.37406184467473325,1130,526,2,0,10,0.43664067917160787,18,0,benign,2025-11-16 20:00:58.961987
38.26858684051712,36,11,0,0,0,0.4912298619424349,278,1,dos_slowloris,2025-11-16 20:00:59.961987
8.25047117188559,312,90,3,0,1,0.46744400468705205,24,0,benign,2025-11-16 20:01:00.961987
0.898373521418981,64,26,1,0,7,0.24200722926599533,307,1,port_scan,2025-11-16 20:01:01.961987
0.43655510089128596,7796,552,0,0,1,0.9708271995301009,1505,1,dos_flood,2025-11-16 20:01:02.961987
0.10152761337900477,589,457,1,1,2,0.2854724064592883,16,0,benign,2025-11-16 20:01:03.961987
3.2449012188512922,644,946,3,1,2,0.2880466469624365,15,0,benign,2025-11-16 20:01:04.961987
1.0117260531493366,3182,249,1,1,1,0.8987093160680237,2093,1,dos_flood,2025-11-16 20:01:05.961987
2.4230610241850203,287,97,3,1,1,0.3265484535616494,26,0,benign,2025-11-16 20:01:06.961987
4.278528423903184,145,489,2,1,6,0.4023823558748648,20,1,xss,2025-11-16 20:01:07.961987
6.204876787596312,39,27,1,0,6,0.2772821661001166,384,1,port_scan,2025-11-16 20:01:08.961987
0.24317772291362602,250,41,0,1,2,0.31071590652827497,33,0,benign,2025-11-16 20:01:09.961987
1.0858293283677616,460,415,3,11,12,0.22405400422457106,19,1,http_bruteforce,2025-11-16 20:01:10.961987
5.354591440971018,18,13,3,0,1,0.4664117193080353,317,1,dos_slowloris,2025-11-16 20:01:11.961987
0.33523218487991713,7,0,2,0,2,0.42229437508237355,2437,1,syn_flood,2025-11-16 20:01:12.961987
9.480428697947728,486,22,3,1,22,0.35974780983114396,534,0,port_scan,2025-11-16 20:01:13.961987
3.300755555995008,40,20,1,1,6,0.44501696076756336,500,1,port_scan,2025-11-16 20:01:14.961987
32.94331191814234,37,16,2,0,1,0.45852274847548863,310,0,dos_slowloris,2025-11-16 20:01:15.961987
4.969059101986354,37,0,2,1,1,0.37465962397823416,2456,1,syn_flood,2025-11-16 20:01:16.961987
0.9385770084815598,424,157,0,1,2,0.24277824322457264,4,0,benign,2025-11-16 20:01:17.961987
0.8489211523478801,16120,58981,0,0,1,0.3021812499743875,986,1,ransomware_encryption,2025-11-16 20:01:18.961987
1.8616884920116712,35,0,2,0,2,0.4964107898466776,2165,1,syn_flood,2025-11-16 20:01:19.961987
0.3029321641893651,357,397,3,0,0,0.351636535373135,17,1,benign,2025-11-16 20:01:20.961987
0.29187676297820286,58,124,1,7,2,0.4776911990076007,18,1,ssh_bruteforce,2025-11-16 20:01:21.961987
1.338280131367812,513,389,0,0,2,0.31111909588259196,25,0,benign,2025-11-16 20:01:22.961987
1.2849325755399528,537,397,3,1,2,0.3636143363654908,29,0,benign,2025-11-16 20:01:23.961987
1.867267215723372,494,479,3,0,2,0.35967725934469286,31,0,benign,2025-11-16 20:01:24.961987
2.8701442766129914,434,645,1,1,0,0.2906999748054481,20,0,benign,2025-11-16 20:01:25.961987
0.4328916542202438,449,305,3,1,2,0.28107430763923497,19,0,benign,2025-11-16 20:01:26.961987
3.552030255054362,197,40,1,17,1,0.37489532784938073,17,1,ssh_bruteforce,2025-11-16 20:01:27.961987
0.4646435936525605,184,37,2,11,1,0.29014681568012973,19,0,ssh_bruteforce,2025-11-16 20:01:28.961987
0.08051833273152043,3266,99,3,1,2,0.9066773257530726,2346,1,dos_flood,2025-11-16 20:01:29.961987
4.079967246365241,592,321,1,1,0,0.2374462441900545,18,0,benign,2025-11-16 20:01:30.961987
2.283598486008199,5667,392,3,0,2,0.9509242443197183,2279,0,dos_flood,2025-11-16 20:01:31.961987
1.3542764217748027,79,15,0,1,10,0.3567332436216394,510,1,probe_sweep,2025-11-16 20:01:32.961987
4.013529635826294,483,457,1,6,12,0.4482556766318909,32,1,http_bruteforce,2025-11-16 20:01:33.961987
6.24927533039587,5384,369,0,0,0,0.8596869824723754,1388,1,dos_flood,2025-11-16 20:01:34.961987
0.5498802306926448,10661,23108,3,0,2,0.20923701489813437,496,1,data_exfiltration,2025-11-16 20:01:35.961987
2.6487417317880197,1171,492,2,0,1,0.3933410831363101,13,0,benign,2025-11-16 20:01:36.961987
3.263747525573043,39,0,2,0,1,0.48723440571142884,537,1,syn_flood,2025-11-16 20:01:37.961987
0.44791530872177715,862,112,1,0,0,0.2207088622663549,24,0,benign,2025-11-16 20:01:38.961987
2.800201847208508,709,636,3,5,7,0.42983477983867585,9,1,http_bruteforce,2025-11-16 20:01:39.961987
0.2205320108411195,961,260,0,1,2,0.2841003382374563,18,0,benign,2025-11-16 20:01:40.961987
1.0454809461012622,6756,290,3,1,2,0.8144632950515878,2517,0,dos_flood,2025-11-16 20:01:41.961987
6.2073124681373715,7545,442,2,0,2,0.8805746565265274,2000,1,dos_flood,2025-11-16 20:01:42.961987
0.699939218760098,7727,212,2,1,1,0.9812222004264994,2091,1,dos_flood,2025-11-16 20:01:43.961987
0.7757289281144991,37,802,0,0,6,0.3921428126527532,28,0,xss,2025-11-16 20:01:44.961987
0.8857548572133683,14,0,2,1,1,0.4665977240796196,1985,0,syn_flood,2025-11-16 20:01:45.961987
1.6178225774033776,879,843,2,0,8,0.3389518150254025,32,0,benign,2025-11-16 20:01:46.961987
3.2588578919909588,818,951,1,4,9,0.24286278840182352,27,1,http_bruteforce,2025-11-16 20:01:47.961987
1.3731195417994453,4264,318,0,0,0,0.8093703817055207,2395,1,dos_flood,2025-11-16 20:01:48.961987
16.912976120701693,38,16,3,0,0,0.4518015477068007,493,1,dos_slowloris,2025-11-16 20:01:49.961987
0.21493076548758702,3818,236,1,1,0,0.8844769044368612,2704,1,dos_flood,2025-11-16 20:01:50.961987
0.9474247126599571,555,492,2,1,0,0.2348068044044508,12,0,benign,2025-11-16 20:01:51.961987
5.323410775547212,132,53,1,17,2,0.24173475466732627,23,1,ssh_bruteforce,2025-11-16 20:01:52.961987
2.862899715513481,526,439,1,0,1,0.28941566259183293,25,0,benign,2025-11-16 20:01:53.961987
15.071159300692676,51,0,2,0,2,0.31553603597075003,2035,1,syn_flood,2025-11-16 20:01:54.961987
0.4686181185051916,18324,10257,1,1,2,0.21570650605624173,1152,0,ransomware_encryption,2025-11-16 20:01:55.961987
3.453965679565796,381,839,0,1,7,0.3972060446510386,23,1,xss,2025-11-16 20:01:56.961987
2.0866191605263977,694,551,0,0,1,0.21078160247646602,16,0,benign,2025-11-16 20:01:57.961987
0.2937564849613751,882,562,0,1,1,0.294688203129005,32,0,benign,2025-11-16 20:01:58.961987
0.1072206459788833,1120,792,1,1,6,0.3737525766124167,30,0,benign,2025-11-16 20:01:59.961987
0.11969524568741217,512,199,0,1,2,0.28027780301839145,14,0,benign,2025-11-16 20:02:00.961987
0.029604811388883413,7493,173,3,0,2,0.8985729168894894,1187,1,dos_flood,2025-11-16 20:02:01.961987
1.0360017664794439,1223,556,1,0,2,0.2029771463383507,20,0,benign,2025-11-16 20:02:02.964202
4.201690260362316,180,69,0,19,2,0.42869270960658157,34,1,ssh_bruteforce,2025-11-16 20:02:03.964202
0.28201745248216686,569,619,3,0,1,0.2229154834974368,22,0,benign,2025-11-16 20:02:04.964202
3.2917426161318923,393,285,1,9,7,0.2052657090099887,2,1,http_bruteforce,2025-11-16 20:02:05.964202
0.5053079271290178,81,0,2,0,1,0.37042775370136016,816,0,syn_flood,2025-11-16 20:02:06.964202
0.047755566831033,552,613,0,1,6,0.4341128370712941,28,1,xss,2025-11-16 20:02:07.964202
0.3305225152250292,34,21,0,1,14,0.48121353144929624,420,1,port_scan,2025-11-16 20:02:08.964202
1.7455467929891515,1137,486,1,1,0,0.3933773524227031,17,0,benign,2025-11-16 20:02:09.964202
0.45877905758360277,10468,27794,0,0,0,0.468822533538372,667,1,data_exfiltration,2025-11-16 20:02:10.964202
3.3333266916293085,110,715,0,1,0,0.4022390886608189,16,0,benign,2025-11-16 20:02:11.964202
3.3199912428680305,454,483,0,1,0,0.41749435097721577,25,0,benign,2025-11-16 20:02:12.964202
0.12508939585794815,52562,43063,0,1,0,0.4791820414539611,1995,1,ransomware_encryption,2025-11-16 20:02:13.964202
1.0744835794865648,810,242,0,1,0,0.306280329452314,23,0,benign,2025-11-16 20:02:14.964202
0.15860426954010162,13541,6932,1,1,1,0.3378994611207984,437,1,data_exfiltration,2025-11-16 20:02:15.964202
0.08978541780031406,32,74,1,0,0,0.26275563962237836,20,0,benign,2025-11-16 20:02:16.964202
1.498303789410183,147,55,0,7,0,0.23266799419431172,19,1,ssh_bruteforce,2025-11-16 20:02:17.964202
1.4785485978458133,434,102,1,0,1,0.4758162213718018,13,0,benign,2025-11-16 20:02:18.964202
1.947539206789902,5409,13199,0,0,0,0.42719306214033165,687,1,data_exfiltration,2025-11-16 20:02:19.964202
2.5340465578425038,715,141,0,0,2,0.39998014371398577,24,1,benign,2025-11-16 20:02:20.964202
2.953549264082792,61,20,3,0,9,0.20271154072378766,367,1,port_scan,2025-11-16 20:02:21.964202
0.5022525594610194,764,309,2,1,1,0.41865843268098407,25,0,benign,2025-11-16 20:02:22.964202
0.5642151160878193,765,837,0,0,6,0.20013283443116237,18,1,xss,2025-11-16 20:02:23.964202
7.019602494556461,36,14,1,1,1,0.4262794920041068,473,1,dos_slowloris,2025-11-16 20:02:24.964202
0.883598001298828,57160,59313,2,0,0,0.36922220865005534,1485,1,ransomware_encryption,2025-11-16 20:02:25.964202
4.196932534429966,1123,531,2,1,6,0.26860832282010944,3,0,benign,2025-11-16 20:02:26.964202
4.031361963741445,37,796,3,1,2,0.3740266504008364,17,0,benign,2025-11-16 20:02:27.964202
0.7900548344406259,44065,53607,1,0,0,0.32903086295894,822,0,ransomware_encryption,2025-11-16 20:02:28.964202
2.8803049455879184,6911,442,0,1,7,0.9710060403239871,621,0,dos_flood,2025-11-16 20:02:29.964202
0.14763387400605255,281,439,2,0,0,0.4432635743023755,13,0,benign,2025-11-16 20:02:30.964202
0.0976269694993731,6906,548,3,1,0,0.9751766167034114,803,1,dos_flood,2025-11-16 20:02:31.964202
1.5491247211418475,53,69,2,1,0,0.21127132711967223,1210,1,syn_flood,2025-11-16 20:02:32.964202
2.568401925318324,325,282,2,1,1,0.20302718200670744,9,0,benign,2025-11-16 20:02:33.964202
4.28662733331039,832,218,3,0,2,0.392190677840776,16,0,benign,2025-11-16 20:02:34.964202
3.7733544560740695,35106,24589,0,1,2,0.29758854020690934,1615,1,ransomware_encryption,2025-11-16 20:02:35.964202
0.9270604799335608,78,0,2,1,1,0.39830427627419607,2590,1,syn_flood,2025-11-16 20:02:36.964202
0.36621486062588937,90,0,2,0,1,0.48566653570927837,2086,1,syn_flood,2025-11-16 20:02:37.964202
0.7035451382092704,67,0,2,0,2,0.23075478921994236,2267,1,syn_flood,2025-11-16 20:02:38.964202
0.37769979050654606,10263,6914,1,1,1,0.2477075011220784,399,1,data_exfiltration,2025-11-16 20:02:39.964202
5.0764761514240755,1788,584,2,1,7,0.4585072711362036,37,0,benign,2025-11-16 20:02:40.964202
0.10658067855914913,68,21,1,1,11,0.3995438582715216,543,1,port_scan,2025-11-16 20:02:41.964202
1.5939500603906014,445,6,1,0,2,0.35200179469482373,21,0,benign,2025-11-16 20:02:42.964202
0.9701696856981685,22376,48880,2,0,1,0.2704920214987858,1603,0,ransomware_encryption,2025-11-16 20:02:43.964202
0.10610277608512328,1045,407,2,0,1,0.4587921413447537,33,0,benign,2025-11-16 20:02:44.964202
6.5148871296302,626,339,2,0,0,0.44263699536906154,22,0,benign,2025-11-16 20:02:45.964202
1.9618141712023045,5566,287,2,0,2,0.9143491966287498,883,1,dos_flood,2025-11-16 20:02:46.964202
3.577492548385835,389,682,1,0,6,0.36465759952320675,13,1,xss,2025-11-16 20:02:47.964202
1.0608851021637464,9261,5887,3,0,0,0.46339534909545044,269,1,data_exfiltration,2025-11-16 20:02:48.964202
0.8796620984100891,426,277,0,1,0,0.4032622836510602,14,0,benign,2025-11-16 20:02:49.964202
0.4598364163310838,963,391,0,1,11,0.43545854688766406,27,0,benign,2025-11-16 20:02:50.964202
0.4437690358575452,956,301,0,0,0,0.23041186926594776,19,0,benign,2025-11-16 20:02:51.964202
5.669692593418906,32,0,2,1,1,0.23093640872242274,1848,1,syn_flood,2025-11-16 20:02:52.964202
1.6215898592123206,36,142,1,0,12,0.26133217218486404,512,0,probe_sweep,2025-11-16 20:02:53.964202
0.459664085742675,42,0,2,1,0,0.286238499469175,533,0,syn_flood,2025-11-16 20:02:54.964202
0.3108340943325549,58,0,2,1,2,0.47765666235556425,2702,1,syn_flood,2025-11-16 20:02:55.964202
1.8278100955176482,4742,649,1,1,0,0.9352052576105095,1820,0,dos_flood,2025-11-16 20:02:56.964202
2.4526404489001523,78,58,2,1,1,0.28132887612921975,265,1,port_scan,2025-11-16 20:02:57.964202
5.595635705183879,410,686,1,0,23,0.2151466833237224,676,0,probe_sweep,2025-11-16 20:02:58.964202
1.1965987466954007,3175,499,0,0,0,0.8203786201745874,1693,1,dos_flood,2025-11-16 20:02:59.964202
0.016709492250489715,33,371,2,1,18,0.4245153049028694,584,1,probe_sweep,2025-11-16 20:03:00.964202
1.1538773633374102,58,26,1,1,9,0.4102602907584296,370,1,port_scan,2025-11-16 20:03:01.964202
4.198799523561042,7897,261,1,1,2,0.8709721661492296,2861,0,dos_flood,2025-11-16 20:03:02.964202
1.1059759574231374,1487,130,3,0,12,0.37844096440333685,19,0,benign,2025-11-16 20:03:03.964202
4.325025670249316,7,0,2,0,1,0.2849914287274792,2494,1,syn_flood,2025-11-16 20:03:04.964202
1.4414933188222203,793,249,1,0,1,0.32824869510702775,7,0,benign,2025-11-16 20:03:05.964202
3.2160654400077853,26128,26257,1,0,1,0.4745771554753469,986,0,ransomware_encryption,2025-11-16 20:03:06.964202
3.0964348893274862,799,352,2,1,2,0.39138627880542165,19,0,benign,2025-11-16 20:03:07.964202
1.1158391226447246,1097,246,2,1,2,0.480884186440678,26,0,benign,2025-11-16 20:03:08.966215
3.4830063304143035,106,72,3,10,1,0.2065739986325027,6,0,ssh_bruteforce,2025-11-16 20:03:09.966215
1.3509907071279492,352,688,0,0,1,0.3965521143573014,21,0,benign,2025-11-16 20:03:10.966215
5.154751118891162,512,199,3,1,0,0.4359567147172541,22,0,benign,2025-11-16 20:03:11.966215
4.26890430451639,2652,593,3,0,1,0.7774517188306171,120,1,botnet_cnc,2025-11-16 20:03:12.966215
1.1714809538085713,5591,17127,2,1,0,0.42275924985212643,591,1,data_exfiltration,2025-11-16 20:03:13.966215
0.7912549395755805,50,43,0,0,18,0.48233624376010203,672,1,probe_sweep,2025-11-16 20:03:14.966215
0.1616410348205942,357,606,3,0,0,0.35647981880340746,13,0,benign,2025-11-16 20:03:15.966215
2.2598392763761135,6310,432,2,0,2,0.882218721776088,2206,1,dos_flood,2025-11-16 20:03:16.966215
2.559759240818138,3596,81,0,0,0,0.9063778158015029,968,0,dos_flood,2025-11-16 20:03:17.966215
3.115895119781883,612,32,0,1,2,0.30356898610099176,17,0,benign,2025-11-16 20:03:18.966215
2.6366275275537414,835,766,0,0,0,0.23552451175277958,27,0,benign,2025-11-16 20:03:19.966215
1.8717254553234797,13,0,2,1,0,0.2658661769689406,521,1,syn_flood,2025-11-16 20:03:20.966215
2.2724943164300475,946,296,0,1,0,0.2611001413318055,10,0,benign,2025-11-16 20:03:21.966215
1.0619141333481446,78,584,1,0,14,0.35975121992479453,355,1,probe_sweep,2025-11-16 20:03:22.966215
0.24932205761069548,17,0,2,1,0,0.40762209410731065,1854,0,syn_flood,2025-11-16 20:03:23.966215
2.8946463951439667,827,543,2,1,1,0.4854326086177043,3,0,benign,2025-11-16 20:03:24.966215
0.0365805866331303,1286,177,2,1,2,0.38852793698437615,36,0,benign,2025-11-16 20:03:25.966215
0.020057796729096085,70,751,2,1,16,0.4508353109621746,674,1,probe_sweep,2025-11-16 20:03:26.966215
1.2003854120645412,600,340,2,1,1,0.4647679630317042,22,0,benign,2025-11-16 20:03:27.966215
0.026915670104836722,1027,185,1,0,2,0.20465249918797768,27,0,benign,2025-11-16 20:03:28.966215
0.46627757355685917,492,282,3,1,1,0.25451698796844696,14,0,benign,2025-11-16 20:03:29.966215
6.8881562410584225,64,24,1,1,8,0.22223162677246014,546,1,port_scan,2025-11-16 20:03:30.966215
11.743706919921866,7135,523,2,1,0,0.9413268526935192,2622,1,dos_flood,2025-11-16 20:03:31.966215
0.9383452291658305,364,374,1,1,2,0.30498348185889196,23,0,benign,2025-11-16 20:03:32.966215
3.5600694219220386,383,610,2,10,12,0.3895966041188567,12,1,http_bruteforce,2025-11-16 20:03:33.966215
0.09976261218624322,1,717,2,1,6,0.364409706999272,17,1,xss,2025-11-16 20:03:34.966215
3.249124135703862,156,411,0,1,0,0.4013472420139066,15,0,benign,2025-11-16 20:03:35.966215
2.7115550432567925,367,304,0,0,0,0.46712285516579855,29,0,benign,2025-11-16 20:03:36.966215
0.5974348631047058,90,0,2,0,1,0.43229080488337857,2223,1,syn_flood,2025-11-16 20:03:37.966215
1.0721884570329374,843,701,1,1,10,0.37655148054769666,26,0,benign,2025-11-16 20:03:38.966215
1.1062517362328723,504,401,1,1,7,0.25637611424459694,27,0,xss,2025-11-16 20:03:39.966215
0.2869339322580148,3383,14,0,0,2,0.9384717844922117,2623,0,dos_flood,2025-11-16 20:03:40.966215
0.6132187642673617,906,510,1,0,13,0.2973535400526026,23,0,benign,2025-11-16 20:03:41.966215
1.2439416542047597,57,0,2,0,0,0.4471302187397369,1479,1,syn_flood,2025-11-16 20:03:42.966215
3.4479915549179645,41,394,2,1,10,0.43601250221219273,656,1,probe_sweep,2025-11-16 20:03:43.966215
1.1324871992825711,52,0,2,1,1,0.21169379619833914,1751,1,syn_flood,2025-11-16 20:03:44.966215
4.5639809893219345,81,0,2,0,0,0.47028826870714036,747,1,syn_flood,2025-11-16 20:03:45.966215
